ID_Punto,DISTRITO,WIKIDATA_DISTRITO,BARRIO,WIKIDATA_BARRIO,ID_BARRIO,UBICACIÓN,CALLE,CALLE_ID,Nº_EQUIPOS,Mennekes_KW,CHAdeMO_KW,CCS_KW,Mennekes_Conectores,CHAdeMO_Conectores,CCS_Conectores,OPERADOR,FECHA_ALTA,HORARIO
04_VP,Arganzuela,https://wikidata.org/entity/Q2000929,Palos de la Frontera,https://wikidata.org/entity/Q521009,PalosdeMoguer,Ronda de Valencia 1,Ronda de Valencia,RondadeValencia,1,50,50,50,1,2,2,GIC,2022-02-03T15:21:24Z,"24"
06_VP,Retiro,https://wikidata.org/entity/Q2002296,Adelfas,https://wikidata.org/entity/Q3774001,Adelfas,Calle Cerro de la Plata 4,Calle Cerro de la Plata,CalleCerrodelaPlata,1,50,50,50,1,2,2,GIC,2022-02-03T15:21:24Z,"24"
08_VP,Retiro,https://wikidata.org/entity/Q2002296,Jerónimos,https://wikidata.org/entity/Q10306766,Jerónimos,"Calle Alfonso XII, 2",Calle Alfonso XII,CalleAlfonsoXII,1,50,50,50,1,2,2,REPSOL,2022-02-03T15:21:24Z,"24"
10_VP,Salamanca,https://wikidata.org/entity/Q1773521,Recoletos,https://wikidata.org/entity/Q3814551,Recoletos,Calle de Goya 36,Calle de Goya,CalledeGoya,1,50,50,50,1,2,2,GIC,2022-02-03T15:21:24Z,"24"
11_VP,Salamanca,https://wikidata.org/entity/Q1773521,Goya,https://wikidata.org/entity/Q3814578,Goya,Calle de Goya 123,Calle de Goya,CalledeGoya,1,50,50,50,1,2,2,REPSOL,2022-02-03T15:21:24Z,"24"
12_VP,Salamanca,https://wikidata.org/entity/Q1773521,Castellana,https://wikidata.org/entity/Q4781,Castellana,Calle Castelló 105,Calle Castelló,CalleCastelló,1,50,50,50,1,2,2,GIC,2022-02-03T15:21:24Z,"24"
01_CoCe20,Salamanca,https://wikidata.org/entity/Q1773521,La Guindalera,https://wikidata.org/entity/Q3814559,Guindalera,Plaza de San Cayetano,Plaza de San Cayetano,PlazadeSanCayetano,1,50,50,50,1,2,2,ENDESA X SERVICIOS S.L.,2022-02-03T15:21:24Z,"24"
09_CoCe20,Latina,https://wikidata.org/entity/Q794954,Cuatro Vientos,https://wikidata.org/entity/Q5191881,CuatroVientos,"Calle de la Sinfonia, 9",Calle de la Sinfonia,CalledelaSinfonia,1,50,50,50,1,2,2,IBERDROLA,2022-02-03T15:21:24Z,"24"
32_PropDG,Vicálvaro,https://wikidata.org/entity/Q589403,Valdebernardo,https://wikidata.org/entity/Q43025212,Valdebernardo,"Bulevar José Prat, 27",Bulevar José Prat,BulevarJoséPrat,3,22,50,"100, 50",1,1,3,IBERDROLA,2022-02-03T15:21:24Z,"24"
02_CoCe20,Chamartín,https://wikidata.org/entity/Q1766348,Hispanoamérica,https://wikidata.org/entity/Q3814573,Hispanoamérica,Avenida Alfonso XIII,Avenida Alfonso XIII,AvenidaAlfonsoXIII,1,50,50,50,1,2,2,REPSOL,2022-02-03T15:21:24Z,"24"
13_VP,Salamanca,https://wikidata.org/entity/Q1773521,Castellana,https://wikidata.org/entity/Q4781,Castellana,Calle Velázquez 74,Calle Velázquez,CalleVelázquez,1,50,50,50,1,2,2,REPSOL,2022-02-03T15:21:24Z,"24"
14_VP,Salamanca,https://wikidata.org/entity/Q1773521,Castellana,https://wikidata.org/entity/Q4781,Castellana,Paseo Castellana 52,Paseo Castellana,PaseoCastellana,1,50,50,50,1,2,2,REPSOL,2022-02-03T15:21:24Z,"24"
15_VP,Chamartín,https://wikidata.org/entity/Q1766348,El Viso,https://wikidata.org/entity/Q4778,ElViso,Paseo Castellana 106,Paseo Castellana,PaseoCastellana,1,50,50,50,1,2,2,REPSOL,2022-02-03T15:21:24Z,"24"
16_VP,Chamartín,https://wikidata.org/entity/Q1766348,Hispanoamérica,https://wikidata.org/entity/Q3814573,Hispanoamérica,Paseo Castellana 160,Paseo Castellana,PaseoCastellana,2,50,"150, 50","150, 50",1,3,3,REPSOL,2022-02-03T15:21:24Z,"24"
17_VP,Chamartín,https://wikidata.org/entity/Q1766348,Castilla,https://wikidata.org/entity/Q3813735,Castilla,Calle Cardenal Marcelo Spínola 6,Calle Cardenal Marcelo Spínola,CalleCardenalMarceloSpínola,1,50,50,50,1,2,2,GIC,2022-02-03T15:21:24Z,"24"
18_VP,Chamberí,https://wikidata.org/entity/Q1763370,Arapiles,https://wikidata.org/entity/Q10856744,Arapiles,Calle Fernández de los Ríos 42,Calle Fernández de los Ríos,CalleFernándezdelosRíos,1,50,50,50,1,2,2,REPSOL,2022-02-03T15:21:24Z,"24"
19_VP,Chamberí,https://wikidata.org/entity/Q1763370,Arapiles,https://wikidata.org/entity/Q10856744,Arapiles,Plaza del Conde de Valle de Suchil,Plaza del Conde de Valle de Suchil,PlazadelCondedeValledeSuchil,1,50,50,50,1,2,2,REPSOL,2022-02-03T15:21:24Z,"24"
20_VP,Chamberí,https://wikidata.org/entity/Q1763370,Trafalgar,https://wikidata.org/entity/Q10384027,Trafalgar,Calle Fuencarral 114,Calle Fuencarral,CalleFuencarral,1,50,50,50,1,2,2,REPSOL,2022-02-03T15:21:24Z,"24"
21_VP,Chamberí,https://wikidata.org/entity/Q1763370,Trafalgar,https://wikidata.org/entity/Q10384027,Trafalgar,Calle Manuel Silvela 16,Calle Manuel Silvela,CalleManuelSilvela,1,50,50,50,1,2,2,GIC,2022-02-03T15:21:24Z,"24"
03_CoCe20,Chamartín,https://wikidata.org/entity/Q1766348,Nueva España,https://wikidata.org/entity/Q10338128,NuevaEspaña,"Avenida Alberto Alcocer, 11",Avenida Alberto Alcocer,AvenidaAlbertoAlcocer,1,50,50,50,1,2,2,ENDESA X SERVICIOS S.L.,2022-02-03T15:21:24Z,"24"
22_VP,Chamberí,https://wikidata.org/entity/Q1763370,Trafalgar,https://wikidata.org/entity/Q10384027,Trafalgar,Calle Santa Engracia 115,Calle Santa Engracia,CalleSantaEngracia,1,50,50,50,1,2,2,GIC,2022-02-03T15:21:24Z,"24"
23_VP,Chamberí,https://wikidata.org/entity/Q1763370,Almagro,https://wikidata.org/entity/Q10954432,Almagro,Paseo Castellana 33,Paseo Castellana,PaseoCastellana,1,50,50,50,1,2,2,GIC,2022-02-03T15:21:24Z,"24"
24_VP,Fuencarral-El Pardo,https://wikidata.org/entity/Q656196,La Paz,https://wikidata.org/entity/Q5869740,LaPaz,Calle de Sinesio Delgado 2,Calle de Sinesio Delgado,CalledeSinesioDelgado,1,50,50,50,1,2,2,GIC,2022-02-03T15:21:24Z,"24"
25_VP,Ciudad Lineal,https://wikidata.org/entity/Q1763694,San Juan Bautista,https://wikidata.org/entity/Q165609,SanJuanBautista,Calle Bueso Pineda 29,Calle Bueso Pineda,CalleBuesoPineda,1,50,50,50,1,2,2,GIC,2022-02-03T15:21:24Z,"24"
01_CoCe18,Centro,https://wikidata.org/entity/Q1763376,Palacio,https://wikidata.org/entity/Q2136510,Palacio,Plaza de la Cebada,Plaza de la Cebada,PlazadelaCebada,1,,50,50,0,2,2,DRIVE THE CITY,2022-02-03T15:21:24Z,"24"
02_CoCe18,Chamartín,https://wikidata.org/entity/Q1766348,Nueva España,https://wikidata.org/entity/Q10338128,NuevaEspaña,"Calle Mateo Inurria, 4",Calle Mateo Inurria,CalleMateoInurria,1,50,50,50,1,2,2,REPSOL,2022-02-03T15:21:24Z,"24"
03_CoCe18,Tetuán,https://wikidata.org/entity/Q1773540,Berruguete,https://wikidata.org/entity/Q11909208,Berruguete,"Calle Ofelia Nieto, 64",Calle Ofelia Nieto,CalleOfeliaNieto,1,50,50,50,1,2,2,REPSOL,2022-02-03T15:21:24Z,"24"
04_CoCe18,Fuencarral-El Pardo,https://wikidata.org/entity/Q656196,Valverde,https://wikidata.org/entity/Q31132,Valverde,Calle Abetal 8,Calle Abetal,CalleAbetal,2,50,50,50,1,2,2,REPSOL,2022-02-03T15:21:24Z,"24"
05_CoCe18,Moncloa-Aravaca,https://wikidata.org/entity/Q2017682,Ciudad Universitaria,https://wikidata.org/entity/Q3319235,CiudadUniversitaria,Hipódromo,Hipódromo,Hipódromo,1,50,50,50,1,2,2,REPSOL,2022-02-03T15:21:24Z,"24"
06_CoCe18,Moncloa-Aravaca,https://wikidata.org/entity/Q2017682,El Plantío,https://wikidata.org/entity/Q3773742,ElPlantío,El Plantío,El Plantío,ElPlantío,1,50,50,50,1,2,2,REPSOL,2022-02-03T15:21:24Z,"24"
07_CoCe18,Latina,https://wikidata.org/entity/Q794954,Cuatro Vientos,https://wikidata.org/entity/Q5191881,CuatroVientos,Paseo de Extremadura 543,Paseo de Extremadura,PaseodeExtremadura,1,50,50,50,1,2,2,REPSOL,2022-02-03T15:21:24Z,"24"
08_CoCe18,Latina,https://wikidata.org/entity/Q794954,Cuatro Vientos,https://wikidata.org/entity/Q5191881,CuatroVientos,Avenida de la Peseta,Avenida de la Peseta,AvenidadelaPeseta,1,50,50,50,1,2,2,REPSOL,2022-02-03T15:21:24Z,"24"
09_CoCe18,Latina,https://wikidata.org/entity/Q794954,Las Águilas,https://wikidata.org/entity/Q5971372,Águilas,Calle de José Cadalso,Calle de José Cadalso,CalledeJoséCadalso,1,50,50,50,1,2,2,DRIVE THE CITY,2022-02-03T15:21:24Z,"24"
10_CoCe18,Puente de Vallecas,https://wikidata.org/entity/Q2003054,Palomeras Sureste,https://wikidata.org/entity/Q10343901,PalomerasSureste,Avenida de la Albufera 319,Avenida de la Albufera,AvenidadelaAlbufera,2,50,50,50,1,2,2,ECOLINERAS,2022-02-03T15:21:24Z,"24"
11_CoCe18,Hortaleza,https://wikidata.org/entity/Q1928529,Valdefuentes,https://wikidata.org/entity/Q10388714,Valdefuentes,Calle de María de Portugal 15,Calle de María de Portugal,CalledeMaríadePortugal,1,50,50,50,1,2,2,IBERDROLA,2022-02-03T15:21:24Z,"24"
12_CoCe18,Villaverde,https://wikidata.org/entity/Q919536,Butarque,https://wikidata.org/entity/Q390453,Butarque,Avenida de los Rosales 147 M-301,Avenida de los Rosales,AvenidadelosRosales,1,50,50,50,1,2,2,REPSOL,2022-02-03T15:21:24Z,"24"
13_CoCe18,Villa de Vallecas,https://wikidata.org/entity/Q1947988,Ensanche de Vallecas,https://wikidata.org/entity/Q3847485,EnsanchedeVallecas,"Calle Real de Arganda, 75",Calle Real de Arganda,CalleRealdeArganda,1,50,50,50,1,2,2,REPSOL,2022-02-03T15:21:24Z,"24"
14_CoCe18,San Blas-Canillejas,https://wikidata.org/entity/Q2001937,Rejas,https://wikidata.org/entity/Q10359029,Rejas,"Calle de Fuentelencina, 50",Calle de Fuentelencina,CalledeFuentelencina,1,50,50,50,1,2,2,REPSOL,2022-02-03T15:21:24Z,"24"
01_EMT,Centro,https://wikidata.org/entity/Q1763376,Sol,https://wikidata.org/entity/Q2465181,Sol,Plaza de Jacinto Benavente 6,Plaza de Jacinto Benavente,PlazadeJacintoBenavente,1,50,50,50,1,2,2,EMT,2022-02-03T15:21:24Z,"24"
02_EMT,Salamanca,https://wikidata.org/entity/Q1773521,Recoletos,https://wikidata.org/entity/Q3814551,Recoletos,Jardines del Descubrimiento,Jardines del Descubrimiento,JardinesdelDescubrimiento,4,50,50,50,1,2,2,EMT,2022-02-03T15:21:24Z,"24"
03_EMT,Salamanca,https://wikidata.org/entity/Q1773521,Lista,https://wikidata.org/entity/Q4779,Lista,Plaza de Marqués de Salamanca,Plaza de Marqués de Salamanca,PlazadeMarquésdeSalamanca,1,50,50,50,1,2,2,EMT,2022-02-03T15:21:24Z,"24"
04_EMT,Chamartín,https://wikidata.org/entity/Q1766348,Castilla,https://wikidata.org/entity/Q3813735,Castilla,Calle de la Hiedra 36,Calle de la Hiedra,CalledelaHiedra,2,50,50,50,1,2,2,EMT,2022-02-03T15:21:24Z,"24"
01_PRIV,Centro,https://wikidata.org/entity/Q1763376,Palacio,https://wikidata.org/entity/Q2136510,Palacio,Plaza de la Cebada,Plaza de la Cebada,PlazadelaCebada,1,,50,50,0,2,2,DRIVE THE CITY,2022-02-03T15:21:24Z,"24"
02_PRIV,Centro,https://wikidata.org/entity/Q1763376,Universidad,https://wikidata.org/entity/Q10387767,Universidad,Calle Alberto Aguilera 9,Calle Alberto Aguilera,CalleAlbertoAguilera,1,,50,50,0,2,2,REPSOL,2022-02-03T15:21:24Z,"24"
03_PRIV,Retiro,https://wikidata.org/entity/Q2002296,Adelfas,https://wikidata.org/entity/Q3774001,Adelfas,Plaza del Conde de Casal 6,Plaza del Conde de Casal,PlazadelCondedeCasal,2,,50,50,0,2,2,DRIVE THE CITY,2022-02-03T15:21:24Z,"24"
04_PRIV,Fuencarral-El Pardo,https://wikidata.org/entity/Q656196,El Goloso,https://wikidata.org/entity/Q10271137,ElGoloso,"Calle Monasterio de Arlanza, 20",Calle Monasterio de Arlanza,CalleMonasteriodeArlanza,2,,50,50,0,2,2,IBERDROLA,2022-02-03T15:21:24Z,"24"
05_PRIV,Hortaleza,https://wikidata.org/entity/Q1928529,Canillas,https://wikidata.org/entity/Q9694341,Canillas,Avenida de Machupichu 105,Avenida de Machupichu,AvenidadeMachupichu,1,,50,50,0,2,2,GIC,2022-02-03T15:21:24Z,"24"
06_PRIV,Hortaleza,https://wikidata.org/entity/Q1928529,Valdefuentes,https://wikidata.org/entity/Q10388714,Valdefuentes,Avenida de Niceto Alcala Zamora 20,Avenida de Niceto Alcala Zamora,AvenidadeNicetoAlcalaZamora,1,,50,50,0,2,2,GIC/ GALP,2022-02-03T15:21:24Z,"24"
07_PRIV,Villa de Vallecas,https://wikidata.org/entity/Q1947988,Casco Histórico de Vallecas,https://wikidata.org/entity/Q16544370,CascoHistóricodeVallecas,"Avenida Eje Central, 7",Avenida Eje Central,AvenidaEjeCentral,1,50,50,50,1,2,2,NATURGY,2022-02-03T15:21:24Z,"24"
08_PRIV,Villa de Vallecas,https://wikidata.org/entity/Q1947988,Casco Histórico de Vallecas,https://wikidata.org/entity/Q16544370,CascoHistóricodeVallecas,Carretera de Villaverde a Vallecas 278,Carretera de Villaverde a Vallecas,CarreteradeVillaverdeaVallecas,1,,50,50,0,2,2,REPSOL,2022-02-03T15:21:24Z,"24"
09_PRIV,Barajas,https://wikidata.org/entity/Q807230,Corralejos,https://wikidata.org/entity/Q10260772,Corralejos,Avenida del Consejo de Europa 2,Avenida del Consejo de Europa,AvenidadelConsejodeEuropa,4,,,350,0,0,1,GIC / CEPSA,2022-02-03T15:21:24Z,"24"
10_PRIV,Barajas,https://wikidata.org/entity/Q807230,Corralejos,https://wikidata.org/entity/Q10260772,Corralejos,Avenida del Partenón 5,Avenida del Partenón,AvenidadelPartenón,2,,50,50,0,2,2,IBERDROLA,2022-02-03T15:21:24Z,"24"
1_PropDG,Arganzuela,https://wikidata.org/entity/Q2000929,Palos de la Frontera,https://wikidata.org/entity/Q521009,PalosdeMoguer,"Calle del General Lacy, 21",Calle del General Lacy,CalledelGeneralLacy,3,22,"100, 50","100, 50",1,3,3,TOTALENERGIES,2022-02-03T15:21:24Z,"24"
22_PropDG,Moratalaz,https://wikidata.org/entity/Q2076109,Pavones,https://wikidata.org/entity/Q71760,Pavones,Calle Hacienda de Pavones 231,Calle Hacienda de Pavones,CalleHaciendadePavones,3,22,50,"100, 50",1,1,3,IBERDROLA,2022-02-03T15:21:24Z,"24"
27_PropDG,Hortaleza,https://wikidata.org/entity/Q1928529,Pinar del Rey,https://wikidata.org/entity/Q10349788,PinardelRey,Glorieta De Sandro Pertini,Glorieta De Sandro Pertini,GlorietaDeSandroPertini,3,22,50,"100, 50",1,1,3,IBERDROLA,2022-02-03T15:21:24Z,"24"
30_PropDG,Villaverde,https://wikidata.org/entity/Q919536,Los Rosales,https://wikidata.org/entity/Q10319807,LosRosales,Calle de Santa Florencia,Calle de Santa Florencia,CalledeSantaFlorencia,3,22,50,"100, 50",1,1,3,IBERDROLA,2022-02-03T15:21:24Z,"24"
35_PropDG,Vicálvaro,https://wikidata.org/entity/Q589403,Valderrivas,https://wikidata.org/entity/Q43025770,Valderrivas,"Calle de Minerva, 17",Calle de Minerva,CalledeMinerva,3,22,"100, 50","100, 50",1,3,3,TOTALENERGIES,2022-02-03T15:21:24Z,"24"
3_MerM,Villa de Vallecas,https://wikidata.org/entity/Q1947988,Casco Histórico de Vallecas,https://wikidata.org/entity/Q16544370,CascoHistóricodeVallecas,Avenida de Legazpi,Avenida de Legazpi,AvenidadeLegazpi,2,50,50,50,1,2,2,DRIVE THE CITY,2022-02-03T15:21:24Z,"24"
5_MerM,Villa de Vallecas,https://wikidata.org/entity/Q1947988,Casco Histórico de Vallecas,https://wikidata.org/entity/Q16544370,CascoHistóricodeVallecas,Avenida de Legazpi,Avenida de Legazpi,AvenidadeLegazpi,1,50,50,50,1,2,2,DRIVE THE CITY,2022-02-03T15:21:24Z,"24"
6_MerM,Villa de Vallecas,https://wikidata.org/entity/Q1947988,Casco Histórico de Vallecas,https://wikidata.org/entity/Q16544370,CascoHistóricodeVallecas,Avenida Arganzuela,Avenida Arganzuela,AvenidaArganzuela,1,50,50,50,1,2,2,GIC (CIRCUTOR),2022-02-03T15:21:24Z,"24"
07_VP,Retiro,https://wikidata.org/entity/Q2002296,Ibiza,https://wikidata.org/entity/Q15249910,Ibiza,Calle Ibiza 1,Calle Ibiza,CalleIbiza,1,50,50,50,1,2,2,REPSOL,2022-02-03T15:21:24Z,"24"
09_VP,Retiro,https://wikidata.org/entity/Q2002296,Jerónimos,https://wikidata.org/entity/Q10306766,Jerónimos,Plaza de la Lealtad,Plaza de la Lealtad,PlazadelaLealtad,2,50,50,50,1,2,2,GIC,2022-02-03T15:21:24Z,"24"
10_CoCe20,Carabanchel,https://wikidata.org/entity/Q1001991,Buenavista,https://wikidata.org/entity/Q953929,Buenavista,"Calle Hilario Herranz Establos, 20",Calle Hilario Herranz Establos,CalleHilarioHerranzEstablos,1,50,50,50,1,2,2,ENDESA X SERVICIOS S.L.,2022-02-03T15:21:24Z,"24"
08_CoCe20,Moncloa-Aravaca,https://wikidata.org/entity/Q2017682,Argüelles,https://wikidata.org/entity/Q64874,Argüelles,"Calle Marqués de Urquijo, 27",Calle Marqués de Urquijo,CalleMarquésdeUrquijo,1,50,50,50,1,2,2,ENDESA X SERVICIOS S.L.,2022-02-03T15:21:24Z,"24"
19_CoCe20,Villaverde,https://wikidata.org/entity/Q919536,"Villaverde Alto, Casco Histórico de Villaverde",https://wikidata.org/entity/Q390435,"VillaverdeAlto,CascoHistóricodeVillaverde","Calle Valle de Tobalina, 24",Calle Valle de Tobalina,CalleValledeTobalina,1,50,50,50,1,2,2,IBERDROLA,2022-02-03T15:21:24Z,"24"
04_CoCe20,Tetuán,https://wikidata.org/entity/Q1773540,Cuatro Caminos,https://wikidata.org/entity/Q5824684,CuatroCaminos,Calle Bravo Murillo 122,Calle Bravo Murillo,CalleBravoMurillo,2,50,50,50,1,2,2,DRIVE THE CITY,2022-02-03T15:21:24Z,"24"
11_CoCe20,Usera,https://wikidata.org/entity/Q953368,Orcasur,https://wikidata.org/entity/Q10341270,Orcasur,"Calle de Eduardo Barreiros, 2",Calle de Eduardo Barreiros,CalledeEduardoBarreiros,1,50,50,50,1,2,2,ENDESA X SERVICIOS S.L.,2022-02-03T15:21:24Z,"24"
05_CoCe20,Tetuán,https://wikidata.org/entity/Q1773540,Cuatro Caminos,https://wikidata.org/entity/Q5824684,CuatroCaminos,"Avenida del General Perón, 21",Avenida del General Perón,AvenidadelGeneralPerón,1,50,50,50,1,2,2,ENDESA X SERVICIOS S.L.,2022-02-03T15:21:24Z,"24"
12_CoCe20,Usera,https://wikidata.org/entity/Q953368,Orcasur,https://wikidata.org/entity/Q10341270,Orcasur,Avenida de Andalucía 38,Avenida de Andalucía,AvenidadeAndalucía,1,50,50,50,1,2,2,REPSOL,2022-02-03T15:21:24Z,"24"
18_CoCe20,Hortaleza,https://wikidata.org/entity/Q1928529,Apóstol Santiago,https://wikidata.org/entity/Q11906303,ApostolSantiago,"Avenida de San Luis, 77",Avenida de San Luis,AvenidadeSanLuis,1,50,50,50,1,2,2,NATURGY,2022-02-03T15:21:24Z,"de 6:00 a 00:00 h"
20_CoCe20,Villa de Vallecas,https://wikidata.org/entity/Q1947988,Casco Histórico de Vallecas,https://wikidata.org/entity/Q16544370,CascoHistóricodeVallecas,Atolón 98,Atolón,Atolón,3,50,50,50,1,2,2,DRIVE THE CITY,2022-02-03T15:21:24Z,"24"
15_CoCe20,Ciudad Lineal,https://wikidata.org/entity/Q1763694,Ventas,https://wikidata.org/entity/Q71762,Ventas,"Calle Ricardo Ortiz, 44",Calle Ricardo Ortiz,CalleRicardoOrtiz,1,50,50,50,1,2,2,Sudel,2022-02-03T15:21:24Z,"24"
17_CoCe20,Ciudad Lineal,https://wikidata.org/entity/Q1763694,Colina,https://wikidata.org/entity/Q18475981,Colina,"Calle Arturo Soria, 175",Calle Arturo Soria,CalleArturoSoria,1,50,50,50,1,2,2,REPSOL,2022-02-03T15:21:24Z,"24"
16_CoCe20,Ciudad Lineal,https://wikidata.org/entity/Q1763694,San Pascual,https://wikidata.org/entity/Q165612,SanPascual,Calle Verdaguer y García 5,Calle Verdaguer y García,CalleVerdagueryGarcía,1,50,50,50,1,2,2,ENDESA X SERVICIOS S.L.,2022-02-03T15:21:24Z,"24"
14_CoCe20,Moratalaz,https://wikidata.org/entity/Q2076109,Marroquina,https://wikidata.org/entity/Q11935636,Marroquina,Corregidor Sancho de Córdoba,Corregidor Sancho de Córdoba,CorregidorSanchodeCórdoba,1,50,50,50,1,2,2,REPSOL,2022-02-03T15:21:24Z,"24"
23_CoCe20,Villa de Vallecas,https://wikidata.org/entity/Q1947988,Casco Histórico de Vallecas,https://wikidata.org/entity/Q16544370,CascoHistóricodeVallecas,"Avenida Mayorazgo, 20",Avenida Mayorazgo,AvenidaMayorazgo,1,50,50,50,1,2,2,GALP,2022-02-03T15:21:24Z,"24"
27_CoCe20,San Blas-Canillejas,https://wikidata.org/entity/Q2001937,Simancas,https://wikidata.org/entity/Q10371626,Simancas,"Avenida Arcentales, 7",Avenida Arcentales,AvenidaArcentales,1,50,50,50,1,2,2,GALP,2022-02-03T15:21:24Z,"24"
26_CoCe20,San Blas-Canillejas,https://wikidata.org/entity/Q2001937,Simancas,https://wikidata.org/entity/Q10371626,Simancas,Calle de Alcalá 510,Calle de Alcalá,CalledeAlcalá,1,50,50,50,1,2,2,REPSOL,2022-02-03T15:21:24Z,"24"
28_CoCe20,San Blas-Canillejas,https://wikidata.org/entity/Q2001937,Arcos,https://wikidata.org/entity/Q9627876,Arcos,"Avenida Canillejas a Vicálvaro, 80",Avenida Canillejas a Vicálvaro,AvenidaCanillejasaVicálvaro,1,50,50,50,1,2,2,GALP,2022-02-03T15:21:24Z,"24"
29_CoCe20,San Blas-Canillejas,https://wikidata.org/entity/Q2001937,Rosas,https://wikidata.org/entity/Q18880469,Rosas,"Avenida Canillejas a Vicálvaro, 147",Avenida Canillejas a Vicálvaro,AvenidaCanillejasaVicálvaro,1,50,50,50,1,2,2,Cerdeira,2022-02-03T15:21:24Z,"24"
24_CoCe20,Villa de Vallecas,https://wikidata.org/entity/Q1947988,Ensanche de Vallecas,https://wikidata.org/entity/Q3847485,EnsanchedeVallecas,Calle Alto del Retiro,Calle Alto del Retiro,CalleAltodelRetiro,1,50,50,50,1,2,2,ENDESA X SERVICIOS S.L.,2022-02-03T15:21:24Z,"24"
30_CoCe20,San Blas-Canillejas,https://wikidata.org/entity/Q2001937,Rejas,https://wikidata.org/entity/Q10359029,Rejas,"Calle Deyanira, 10",Calle Deyanira,CalleDeyanira,1,50,50,50,1,2,2,NATURGY,2022-02-03T15:21:24Z,"24"
31_CoCe20,San Blas-Canillejas,https://wikidata.org/entity/Q2001937,Rejas,https://wikidata.org/entity/Q10359029,Rejas,"Calle Nanclares de Oca, 5-17",Calle Nanclares de Oca,CalleNanclaresdeOca,2,50,50,50,1,2,2,IBERDROLA,2022-02-03T15:21:24Z,"24"
21_CoCe20,Villa de Vallecas,https://wikidata.org/entity/Q1947988,Casco Histórico de Vallecas,https://wikidata.org/entity/Q16544370,CascoHistóricodeVallecas,"Avenida Eje Central, 7",Avenida Eje Central,AvenidaEjeCentral,1,50,50,50,1,2,2,NATURGY,2022-02-03T15:21:24Z,"24"
01_VP,Centro,https://wikidata.org/entity/Q1763376,Justicia,https://wikidata.org/entity/Q1992319,Justicia,Calle Génova 24,Calle Génova,CalleGénova,1,50,50,50,1,2,2,GIC,2022-02-03T15:21:24Z,"24"
31_PropDG,Villaverde,https://wikidata.org/entity/Q919536,San Cristóbal,https://wikidata.org/entity/Q390457,SanCristóbal,Calle Godella 116,Calle Godella,CalleGodella,3,22,"100, 50","100, 50",1,3,3,TOTALENERGIES,2022-02-03T15:21:24Z,"24"
26_VP,Salamanca,https://wikidata.org/entity/Q1773521,La Guindalera,https://wikidata.org/entity/Q3814559,Guindalera,"Calle Roberto Domingo, 4",Calle Roberto Domingo,CalleRobertoDomingo,2,22,"150, 50","150, 50",1,2,2,REPSOL,2022-02-03T15:21:24Z,"24"
12_PRIV,Tetuán,https://wikidata.org/entity/Q1773540,Almenara,https://wikidata.org/entity/Q2265427,Almenara,"Calle San Aquilino, 1 B",Calle San Aquilino,CalleSanAquilino,2,,50,50,0,2,2,IBERDROLA,2022-02-03T15:21:24Z,"24"
13_PRIV,Chamartín,https://wikidata.org/entity/Q1766348,Prosperidad,https://wikidata.org/entity/Q4776,Prosperidad,Avenida de América 9,Avenida de América,AvenidadeAmérica,2,,50,50,0,2,2,IBERDROLA,2022-02-03T15:21:24Z,"24"
7_MerM,Villa de Vallecas,https://wikidata.org/entity/Q1947988,Casco Histórico de Vallecas,https://wikidata.org/entity/Q16544370,CascoHistóricodeVallecas,Avenida de Madrid,Avenida de Madrid,AvenidadeMadrid,2,50,50,50,1,2,2,,2022-06-17T07:19:00Z,"24"
1_CoCe22,Fuencarral-El Pardo,https://wikidata.org/entity/Q656196,El Pilar,https://wikidata.org/entity/Q3773964,Pilar,"Avenida de Monforte de Lemos, 36",Avenida de Monforte de Lemos,AvenidadeMonfortedeLemos,2,22,50,50,1,2,2,CC LA VAGUADA,2022-06-17T11:04:15Z,"de 6:00h a 1:00h"
8_MerM,Villa de Vallecas,https://wikidata.org/entity/Q1947988,Casco Histórico de Vallecas,https://wikidata.org/entity/Q16544370,CascoHistóricodeVallecas,Avenida de Madrid,Avenida de Madrid,AvenidadeMadrid,1,,150,150,0,1,1,,2022-06-17T07:22:02Z,"24"
2_CoCe22,Fuencarral-El Pardo,https://wikidata.org/entity/Q656196,El Goloso,https://wikidata.org/entity/Q10271137,ElGoloso,CAMPUS CANTOBLANCO,CAMPUS CANTOBLANCO,CAMPUSCANTOBLANCO,2,22,50,50,1,2,2,UAM,2022-06-17T11:12:42Z,"24"
5_CoCe22,Barajas,https://wikidata.org/entity/Q807230,Corralejos,https://wikidata.org/entity/Q10260772,Corralejos,Vía Dublín,Vía Dublín,VíaDublín,2,22,50,50,1,2,2,BLAUDRIVE,2022-06-24T06:57:35Z,"de 7:30h a 21:00h"
8_CoCe22,Usera,https://wikidata.org/entity/Q953368,Moscardó,https://wikidata.org/entity/Q11937679,Moscardó,"Calle Amparo Usera, 46",Calle Amparo Usera,CalleAmparoUsera,1,22,50,50,1,2,2,BLAUDRIVE,2022-06-24T07:05:24Z,"24"
16_CoCe22,Latina,https://wikidata.org/entity/Q794954,Aluche,https://wikidata.org/entity/Q31140,Aluche,Carretera de Extremadura,Carretera de Extremadura,CarreteradeExtremadura,1,50,50,50,1,2,2,REPSOL,2022-06-24T07:49:04Z,"24"
29_CoCe22,Ciudad Lineal,https://wikidata.org/entity/Q1763694,San Juan Bautista,https://wikidata.org/entity/Q165609,SanJuanBautista,"Calle de Ramírez de Arellano, 2",Calle de Ramírez de Arellano,CalledeRamírezdeArellano,1,22,50,50,1,2,2,ENDESA X SERVICIOS S.L.,2022-08-23T07:30:47Z,"24"
34_CoCe22,Salamanca,https://wikidata.org/entity/Q1773521,Castellana,https://wikidata.org/entity/Q4781,Castellana,"Calle Serrano, 61",Calle Serrano,CalleSerrano,1,22,50,50,1,2,2,ENDESA X SERVICIOS S.L.,2022-08-23T07:40:46Z,"24"
14_PRIV,Villa de Vallecas,https://wikidata.org/entity/Q1947988,Casco Histórico de Vallecas,https://wikidata.org/entity/Q16544370,CascoHistóricodeVallecas,Calle 29,Calle,Calle,1,,,180,0,0,2,DRIVE THE CITY,2022-04-28T12:46:34Z,"24"
3_CoCe22,Fuencarral-El Pardo,https://wikidata.org/entity/Q656196,El Goloso,https://wikidata.org/entity/Q10271137,ElGoloso,CAMPUS CANTOBLANCO,CAMPUS CANTOBLANCO,CAMPUSCANTOBLANCO,2,22,50,50,1,2,2,UAM,2022-06-17T11:14:10Z,"24"
6_CoCe22,Puente de Vallecas,https://wikidata.org/entity/Q2003054,San Diego,https://wikidata.org/entity/Q11946851,SanDiego,"Calle Martínez de la Riva, 4",Calle Martínez de la Riva,CalleMartínezdelaRiva,1,22,50,50,1,2,2,BLAUDRIVE,2022-06-24T07:01:08Z,"de 9:00h a 21:30h"
20_CoCe22,Chamartín,https://wikidata.org/entity/Q1766348,El Viso,https://wikidata.org/entity/Q4778,ElViso,Calle María de Molina 21,Calle María de Molina,CalleMaríadeMolina,1,50,50,50,1,2,2,REPSOL,2022-06-24T07:57:55Z,"24"
05_EMT,Centro,https://wikidata.org/entity/Q1763376,Sol,https://wikidata.org/entity/Q2465181,Sol,Calle de Alcalá 17,Calle de Alcalá,CalledeAlcalá,12,"400, 200, 50","400, 200, 50","400, 200, 50",3,24,24,EMT,2022-12-20T08:04:03Z,"24"
33_CoCe20,Fuencarral-El Pardo,https://wikidata.org/entity/Q656196,Peñagrande,https://wikidata.org/entity/Q3319582,Peñagrande,Avenida del Cardenal Herrera Oria 290,Avenida del Cardenal Herrera Oria,AvenidadelCardenalHerreraOria,1,50,50,50,1,2,2,REPSOL,2023-02-27T12:05:31Z,"24"
06_EMT,Salamanca,https://wikidata.org/entity/Q1773521,Recoletos,https://wikidata.org/entity/Q3814551,Recoletos,Paseo Recoletos 4,Paseo Recoletos,PaseoRecoletos,2,50,50,50,1,2,2,EMT,2024-06-24T07:16:21Z,"24"
