DESCRIPCION-ENTIDAD,HORARIO,EQUIPAMIENTO,TRANSPORTE,TELEFONO,EMAIL,TIPO-INSTALACION
Su mantenimiento es competencia de la Junta de Distrito de Chamartín.  Actividades: espectáculos variados durante los meses de verano.,,,"Metro: Concha Espina (línea 9).  Bus: 16, 29, 52.  Bicimad: Estación 197 (avenida de Concha Espina, 34).  Aparcamiento: Museo de la Ciudad (51) calle Príncipe de Vergara 152 y calle Pechuán.",,,"AuditoriosSalasConcierto"
,,,"Metro: Puerta de Arganda (Línea 9).  Cercanías RENFE: Vicálvaro (Líneas C2, C7, C8 y Regional).",,,"AuditoriosSalasConcierto"
"Su mantenimiento es competencia de la Junta de Distrito de Puente de Vallecas.   Actividades : espectáculos variados durante los meses de verano.  Espacio abierto, acceso directo sin vallado.",,,Metro: Miguel Hernández (línea 1),915 887 307,cultupvallecas@madrid.es,"AuditoriosSalasConcierto"
Su mantenimiento es competencia de la Junta de Puente de Vallecas.,,Actividades: espectáculos variados durante los meses de verano. Espacio con vallado perimetral y puerta de acceso.,"Cercanías Renfe: El Pozo (líneas C2, C7 y Regional).",915 887 307,cultupvallecas@madrid.es,"AuditoriosSalasConcierto"
Su mantenimiento es competencia de la Junta de Puente de Vallecas.   Actividades: espectáculos variados durante los meses de verano. Espacio con vallado perimetral y puerta de acceso.,,,Consulta los siguientes enlaces:,915 887 307,cultupvallecas@madrid.es,"AuditoriosSalasConcierto"
Su mantenimiento es competencia de la Junta de Distrito Latina.  Actividades : espectáculos variados durante los meses de verano.,,,"Metro de Madrid. Línea 5. Estación: Aluche.   Autobuses de la  EMT: líneas 25, 121 y 138.   Cercanías RENFE:. Línea C 5. Estación: Aluche.",,,"AuditoriosSalasConcierto"
"Su mantenimiento es competencia de la Junta de Distrito de Puente de Vallecas.   Actividades: Espectáculos variados durante los meses de verano. Espacio abierto, acceso directo sin vallado.",,,Consulta los siguientes enlaces:,915 887 307,cultupvallecas@madrid.es,"AuditoriosSalasConcierto"
Su mantenimiento es competencia de la Junta de Distrito de Latina.  Actividades : espectáculos variados durante los meses de verano. Aforo máximo: 1200 espectadores.,,,"Metro de Madrid. Línea 6. Estación: Carpetana.  Autobuses de la EMT: Líneas: 17, 25 y 500.",,,"AuditoriosSalasConcierto"
Su mantenimiento es competencia de la Junta de Distrito de San Blas - Canillejas.   Actividades: espectáculos variados durante los meses de verano.,,,Metro: Torre Arias (línea 5),,,"AuditoriosSalasConcierto"
Actividades: cine de verano y espectáculos musicales.,,,Consulta los siguientes enlaces.,,,"AuditoriosSalasConcierto"
,,Templete de Música,"Metro: Peña Grande (línea 7), Barrio del Pilar (línea 9) Bus: 49 , 67 , 83 , 124 , 128 , 132 , 133 , 137",,,"AuditoriosSalasConcierto"
Su mantenimiento es competencia de la Junta de Distrito de Latina. Está situado junto al estanque del Parque. Ubicación exacta en Google Maps .  Actividades : espectáculos variados durante los meses de verano.,,,"Metro de Madrid. Línea 5. Estación: Aluche. Autobuses de la EMT. Líneas: 47, 118, 121, 131, 155. Cercanías RENFE. Línea C 5. Estación: Aluche.",,,"AuditoriosSalasConcierto"
Su mantenimiento es competencia de Medioambiente (Parques y Jardines).   Actividades: espectáculos variados durante los meses de verano.,,,Metro: Plaza Elíptica (líneas 6 y 11).,,,"AuditoriosSalasConcierto"
Su mantenimiento es competencia de Medioambiente. (Parques y Jardines).  Actividades: espectáculos variados durante los meses de verano.,,,Cercanías Renfe: Orcasitas (línea C5).,,,"AuditoriosSalasConcierto"
,,"Zona wifi Cafetería  El auditorio está abierto los días que hay programación cultural del Distrito, como Cine de Verano en julio, agosto y parte de septiembre, Clásicos a la Fresca en el mes de junio, Festival Joven en octubre... Éstas y otras actividades que puedan programarse siempre se publicitan. La cafetería abre durante el Cine de Verano.","Metro: Quintana (línea 5), Barrio de la Concepción (línea 7).",917 654 317,cultuclineal@madrid.es,"AuditoriosSalasConcierto"
Su mantenimiento es competencia de la Junta de Distrito de Arganzuela.  Actividades: espectáculos variados durante los meses de verano.,,,Metro: Arganzuela-Planetario (línea 6).,,,"AuditoriosSalasConcierto"
Su mantenimiento es competencia de Medio Ambiente (Parques y Jardines).   Actividades: espectáculos variados durante los meses de verano.,,,Metro: Hospital 12 de Octubre (línea 3).  Cercanías Renfe: Doce de Octubre (línea C5).,,,"AuditoriosSalasConcierto"
Su mantenimiento es competencia de la Junta de Distrito de Moratalaz.  Actividades: espectáculos variados durante los meses de verano.,,,Metro: Pavones (línea 9).,,,"AuditoriosSalasConcierto"
Su mantenimiento es competencia de la Junta de Distrito de Hortaleza.  Actividades: espectáculos variados durante los meses de verano.,A especificar según evento.,Aforo: 1500 personas,Consultar los siguientes enlaces:,915 887 607,cultuhortaleza@madrid.es,"AuditoriosSalasConcierto"
Su mantenimiento es competencia de Medioambiente (Parques y Jardines).  Actividades: espectáculos variados durante los meses de verano.,,,Consultar los siguientes enlaces,,,"AuditoriosSalasConcierto"
Ubicado en el Centro de Mayores Carmen Laforet,"De lunes a sábado, de 9 a 21 horas.",Aforo: 190 personas Zona wifi,"Metro: Pinar de Chamartín (líneas 1, 4 y línea 1 metro ligero)",913 831 456,cscsiena@madrid.es,"AuditoriosSalasConcierto"
Su mantenimiento es competencia de la Junta Municipal de Chamberí.  Actividades: espectáculos variados durante todo el año.,,,Metro: Iglesia (línea 1).,,,"AuditoriosSalasConcierto"
,,Aforo: 280 personas. Zona wifi.,Consultar los siguientes enlaces:,915 487 772,ccadiaz@madrid.es,"AuditoriosSalasConcierto"
Su mantenimiento es competencia de la Junta de Distrito de Villa de Vallecas.   Actividades: espectáculos variados durante todo el año.,,,Metro: La Gavia (línea 1).,,cultuvivallecas@madrid.es,"AuditoriosSalasConcierto"
,,2 pistas de balonmano,"Bus: 22 , 59 , 85 , 79 , 123",,,"AuditoriosSalasConcierto"
Su mantenimiento es competencia de la Junta de Distrito de Villa de Vallecas.   Actividades: espectáculos variados durante todo el año.,,,"Metro: Villa de Vallecas (línea 1).  Cercanías Renfe: Vallecas (líneas C2, C7 y Regional).",,,"AuditoriosSalasConcierto"
"Organismo dependiente del Instituto Nacional de las Artes Escénicas y de la Música (Ministerio de Cultura). Obra del arquitecto José María García de Paredes, fue inaugurado el 21 de octubre de 1988 y su construcción fue programada dentro del Plan Nacional de Auditorios, destinado a dotar al país de una adecuada infraestructura musical.",,,"Metro: Cruz del Rayo (línea 9),  Prosperidad (línea 4)  Bus: 29, 52, 1  Bicimad: Estaciones 146 (calle Marían Francisca, 1), 147 (avenida del Doctor Arce, 45), 196 (calle Suero de Quiñones, 2)  Aparcamiento: Museo de la Ciudad (51) calle Príncipe de Vergara, 152",913 370 139 / 913 370 140,auditorio.nacional@inaem.cultura.gob.es,"AuditoriosSalasConcierto"
,,,Consultar los siguientes enlaces,,,"AuditoriosSalasConcierto"
,,"Estilos: Flamenco, Jazz, Pop, Rock.","Metro: Ópera (líneas 2, 5 y Ramal), Callao (líneas 3 y 5).  Bus: 75, 147, 146, 148, 44, 133, 001, 1, 2, 3, 46, 74.  Bicimad: Estaciones 23 (plaza de Santo Domingo, 1), 22 (calle Jacometrezo, 3).  Aparcamientos: Descalzas (20), plaza Descalzas y plaza San Martín; el Corte Inglés Callao (92), plaza de Callao.",915 215 752,info@cafeberlin.es,"AuditoriosSalasConcierto"
,,Estilos: Jazz.,"Metro: Antón Martín (línea 1), Sol (líneas 1, 2 y 3).  Bus: 002, M1, 26, 32, 6, 65, M3  Cercanías Renfe: Sol (líneas C3, C4 y Regional).  Bicimad: Estaciones 34 (Plaza Jacinto Benavente), 52 (Plaza Santa Ana, 10).  Aparcamiento: Plaza de Santa Ana (77), plaza Jacinto Benavente (15).",913 694 143,programacion@cafecentralmadrid.com,"AuditoriosSalasConcierto"
,,"Estilos: Canción de autor, Eléctrica, HipHop, House, Indie, Reggae, Rock.","Metro: Noviciado (línea 2), San Bernardo (líneas 2 y 4), Ventura Rodríguez (línea 3).  Bus: 002, 147, 3.  Bicimad: Estación 15 (Calle norte n&amp;ordm; 8).",915 225 031,cafelapalma@cafelapalma.com,"AuditoriosSalasConcierto"
,,,Metro: Simancas (línea 7),915 888 065,cultusanblas@madrid.es,"AuditoriosSalasConcierto"
,,"Estilos: Pop, Rock","Metro: Estación del Arte (línea 1).  Bus: 26, 32, 6, 001, 10, 14, 27, 34, 37, 45, C03, E1.  Bicimad: Estaciones 67 (calle Almadén, 28), 81 (cuesta de Claudio Moyano), 50 (calle Santa Isabel, 57).  Aparcamiento: Sánchez Bustillo (37).  Cercanías Renfe: Atocha (líneas C1, C2, C3, C4, C4a, C4b, C5, C7, C10).",683 516 474,info@independanceclub.com,"AuditoriosSalasConcierto"
"En el Recinto Ferial de la Casa de Campo y junto al Parque Madrid Río se encuentra el Pabellón de Convenciones, el mejor escenario para acoger ferias, salones profesionales, exposiciones, reuniones y presentaciones de producto. Situado en la entrada más occidental del recinto, este edificio gestionado por la empresa municipal Madrid Destino dispone de 2.886 metros cuadrados de superficie útil, distribuidos en una planta baja y una planta alta. Los arquitectos Jaime Ruiz y Francisco Cabrero diseñaron el Pabellón de Convenciones, que fue construido en 1953.  Durante los años 2019 y 2020, se llevaron a cabo las obras de rehabilitación estructural del edificio y reconstrucción de la Marquesina de la entrada principal. También se realizaron actuaciones de acondicionamiento y de renovación de sus instalaciones principales.",,,"Metro: Lago (Línea 10), Alto de Extremadura (Línea 6)  Bus: 31, 33, 36, 39, 65",915 787 789,,"AuditoriosSalasConcierto"
"Recinto de gran espectacularidad, apropiado para desarrollar ferias, actos deportivos, corporativos o espectáculos. Es un lugar de encuentro para desarrollar grandes eventos. De planta circular y coronado por una imponente cúpula, es extremadamente versátil en cuanto a circulaciones y usos. Se distribuye en tres plantas conectadas entre sí, y está unido a través de un túnel con el Pabellón de Cristal y también con el Pabellón Satélite Madrid Arena, multiplicando así sus posibilidades. Tiene graderíos retráctiles, lo que permite una gran adaptabilidad a todas las necesidades.",,"Dispone de vestuarios y camerinos, cafetería, barras y amplias zonas de carga y descarga, con acceso de camiones hasta la pista principal. El aforo está sujeto a la implantación del montaje a realizar.","Metro: Lago (Línea 10), Puerta del Ángel (Línea 6)  Bus: 31, 33, 36, 39, 65",915 787 758,,"AuditoriosSalasConcierto"
,,"Estilos: Pop, Rock","Metro: Bilbao (líneas 1 y 4)  Bus: 147, 37, 40,",,salab@tabernabienmesabe.com,"AuditoriosSalasConcierto"
,,"Estilos: Blues, Funk, Jazz, Rock",Bus: 002  Bicimad: 55 - Plaza de San Ildefonso,915 317 754,pdejuan@barcobar.com,"AuditoriosSalasConcierto"
,,"Estilos: Rock, Metal, Blues, Hardcore, Pop, Canción de Autor, etc.","Metro: Parque de las Avenidas (línea 7).  Bus: 48, 43, 53, 74.  Bicimad: Estaciones 240 (avenida de Brasilia, 9)",693 757 061,mail.barracudas@gmail.com,"AuditoriosSalasConcierto"
,,"Estilos: Canción de autor, Comedia, Humor.","Metro: Santo Domingo (línea 2), Callao (líneas 3 y 5).  Bus: 75, 44, 146, 147, 133, 148, 001, 1, 2, 3, 46, 74.  Bicimad: Estaciones 23 (plaza de Santo Domingo, 1), 22 (calle Jacometrezo, 3).  Aparcamientos: Descalzas (20) plaza Descalzas y plaza San Martín; Isabel la Católica (98) calle Isabel la Católica; el Corte Inglés Callao (92), plaza de Callao.",915 472 748,beerstation22@gmail.com,"AuditoriosSalasConcierto"
,,"Estilos: Jazz, Swing.","Metro: Embajadores (líneas 3 y 5), Palos de la Frontera (línea 3).  Bus: 148, 60, 78, 119, 34, 36, 41, C03, C2, C1.  Cercanías Renfe: Embajadores (línea C5)  Bicimad: Estaciones 47 (glorieta Embajadores, 6), 48 (glorieta de Embajadores, 2), 49 (Ronda de Atocha, 34)",917 648 018,ballroom@bigmamaswing.com,"AuditoriosSalasConcierto"
,,"Estilos: Canción de autor, Músicas del mundo, Pop, Rock.","Metro: Chueca (línea 5), Alonso Martínez (líneas 4, 5 y 10).  Bus: 37, 3.  Bicimad: Estaciones 7 (calle Hortaleza, 75)  Cercanías Renfe: Recoletos (líneas C1, C2, C7, C10 y Regional).  Aparcamientos: Gravina 21 (89), calle Gravina; garaje Piamonte (96), Villa de París (67), plaza Villa de París.",,salabuhorealbar@gmail.com,"AuditoriosSalasConcierto"
,,Estilos: Pop.,"Metro: Banco de España (línea 2).  Bus: 001, 002, 1, 146, 2, 3, 46, 74, 9, 15, 150, 20, 5, 51, 53, 52.  Bicimad: Estaciones 28 (calle Alcalá, 27).  Aparcamiento: Plaza del Rey (54).",914 380 553,info@bulebulemadrid.com,"AuditoriosSalasConcierto"
,,"Estilos: Indie, Pop, PopRock, Rock.","Metro: Gran Vía (líneas 1 y 5), Sevilla (línea 2), Sol (líneas 1, 2 y 3).  Bus: 002, 1, 146, 2, 3, 46, 74, 52.  Bicimad: Estaciones 210 (calle Tres Cruces, 7), 211 (calle Desengaño, 1), 18 (plaza de Pedro Zerolo, 1).  Cercanías Renfe:  Sol (líneas C3, C4, C4a, C4b y Regional).    Aparcamiento: Pedro Zerolo (71), plaza Pedro Zerolo; Barco 1 (88), calle Barco; plaza del Carmen (8), Sevilla (41), calle Sevilla y calle Alcalá; Hub de Movilidad Canalejas 360 (1239) calle Alcalá, 17).",915 221 815,hello@cadavraclub.com,"AuditoriosSalasConcierto"
,,"Estilos: Indie, Pop, Rock.","Metro: Herrera Oria (línea 9).  Bus: 67, 83, 133, 124, 175, 178.  Cercaníias Renfe: Ramón y Cajal (líneas C3a, C7, C8 y Regional).",609 454 556,info@cadillacsolitario.com,"AuditoriosSalasConcierto"
,,"Estilos: Flamenco, Jazz.","Metro: Sevilla (línea 2), Antón Martín (línea 1), Sol (líneas 1, 2 y 3).  Bus: 002, M1, 51.  Cercanías Renfe: Sol (líneas C3, C, C4a, C4b y Regional).",918 05 10 38 / 691 022 117,reservas@cardamomo.com,"AuditoriosSalasConcierto"
,,"Estilos: Pop español, Rock español","Metro: Alonso Cano (línea 7), Canal (líneas 2 y 7).  Bus: 12, 149, 3, 37.   Bicimad:  Estaciones 201 (calle José Abascal, 2), 129 (calle José Abascal, 33), 246 (calle Santa Engracia, 87).",910 291 254,info@cienporcienmadrid.es,"AuditoriosSalasConcierto"
,,"Estilos: Blues, Flamenco, Funk, Indie, Jam Session, Jazz, Músicas del mundo.","Metro: Bilbao (líneas 1 y 4), Quevedo (línea 2), Iglesia (línea 1).  Bus: 147, 37, 40, 149.  Bicimad: Estación 124 (calle manuel Silvela, 20).  Aparcamiento: Olavide (52), plaza de Olavide.",914 455 480,info@salaclamores.com,"AuditoriosSalasConcierto"
,,"Estilos: Heavy, Indie, Metal, Rock.","Metro: La Latina (línea 5).  Bus: 148, 3, M3.  Bicimad: Estación 166 (calle Segovia, 26).",913 652 441,info@contraclub.es,"AuditoriosSalasConcierto"
,,Estilos: Flamenco.,"Metro: La Latina (línea 5)  Bus: 148, 3, M3, 31, 50, 65   Bicimad:  166 - Segovia 26 n&amp;ordm; 26",913 658 446,reservas@corraldelamoreria.com,"AuditoriosSalasConcierto"
,,Estilos: Jazz.,"Metro: Antón Martín (línea 1)  Bus: 26, 32, 6, M1.  Bicimad: Estaciones 41 (calle Atocha, 54), 42 (calle Santa Isabel, 32)",915 308 095,cafeeldespertar@hotmail.com,"AuditoriosSalasConcierto"
,,"Estilos: Blues, funk, jazz, soul.","Metro: Chueca (línea 5), Tribunal (líneas 1 y 10).  Bus: 3, 002.  Bicimad: Estaciones 55 (plaza de San Ildefonso), 6 (calle Hortaleza, 63), 58 (calle Augusto Figueroa, 33).  Aparcamientos: Aparcamiento Escuelas de San Antón (91), Santa Brigida; Mercado San Antón (94), Libertad; Pedro Zerolo (71), plaza Pedro Zerolo.",,info@intrusobar.com,"AuditoriosSalasConcierto"
,,"Estilos: Alternativa,Indie, Pop, Rock","Metro: Callao (líneas 3 y 5).  Bus: 002.  Bicimad: Estación 17 (plaza de Carlos Cambronero, 2).  Aparcamientos: Luna-Tudescos (14), plaza Santa María Soledad Torres Acosta con vuelta a calle Luna; Barco 1(88), calle Barco.",,elperroclubmad@gmail.com,"AuditoriosSalasConcierto"
,,Estilos: Todos los estilos.,"Metro: Gran Vía (línea 1 y 5), Sol (líneas 1, 2 y 3).  Bus: 001, 1, 146, 2, 3, 46, 74, 002.  Bicimad: Estación 210 (Tres Cruces, 7) / Estación 56 (plaza del Carmen, 1).  Cercanías Renfe: Sol (líneas C3, C4, C4a, C4b y Regional).  Aparcamiento: Plaza del Carmen (8).",915 326 490,programacion@salaelsol.com,"AuditoriosSalasConcierto"
,,,"Metro: La Latina (línea 5).  Bus: M1, 002, 17, 18, 23, 35, 60, M3  Bicimad: Estación 39 (plaza de la Cebada, 16).  Aparcamiento: Mercado de la Cebada (501), plaza de la Cebada.",,info@salaelsotano.com,"AuditoriosSalasConcierto"
,,Estilos: Rock,"Metro: Alfonso XIII (línea 4)  Bus: 72, 73, 9     Bicimad: 293 (Santa Rita 1)",615 340 892,elefanteblancodirectos@gmail.com,"AuditoriosSalasConcierto"
,,"Estilos: Electropop, Indie, IndiePop.","Metro: Noviciado (línea 2), Plaza de España (líneas 3 y 10).  Bus: 002, 39, 25, 001, 1, 133, 2, 44, 147, 3, 148, 46, 74, 75.  Bicimad: Estación 116b (calle de los Reyes, 10).  Aparcamiento: Mostenses (50), plaza Mostenses y calle Ricardo León; plaza de España (53).",,,"AuditoriosSalasConcierto"
,,"Estilos: Canción de autor, Indie, Pop, Soul","Metro: Chueca (línea 5), Alonso Martínez (líneas 4, 5 y 10).  Bus: 37, 3.  Bicimad: Estaciones 7 (calle Hortaleza, 75),  Cercanías Renfe: Recoletos (líneas C1, C2, C7, C10 y Regional).  Aparcamientos: Gravina 21 (89), calle Gravina; garaje Piamonte (96), Villa de París (67), plaza Villa de París.",661 724 191,actuaciones@fulanitadetal.com,"AuditoriosSalasConcierto"
,,"Estilos: Garage, Rock, RythmBlues","Metro: Bilbao (líneas 1 y 4), Quevedo (línea 2), Iglesia (línea 1).  Bus: 147, 37, 40, 149.  Bicimad: Estación 124 (calle manuel Silvela, 20).  Aparcamientos: Olavide (52), plaza de Olavide, Fuencarral (27), calle Fuencarral entre 111 y 121.",910 176 619,funhousemusicclub@gmail.com,"AuditoriosSalasConcierto"
,,"Estilos: Canción de autor, Músicas del mundo, PopRock.","Metro: Islas Filipinas (línea 7), Canal (líneas 2 y 7).  Bus: 12, 2.  Bicimad: Estación 245 (calle Galileo, 63).",915 347 557,artistas@salagalileo.com,"AuditoriosSalasConcierto"
,,"Estilos:  Garage Hardcore, Punk, Reggae, Rock, Rockabilly, Ska #Surf","Metro: Oporto (líneas 5 y 6).  Bus: 118, 34, 35, 119, 55.",914 712 370,oficina@gruta77.com,"AuditoriosSalasConcierto"
,,"Estilos: Disco, House, Música negra, Otros, PopRock, Rock, Techno.","Metro: La Latina (línea 5).  Bus: 148, 3, SE712, 60.  Bicimad: Estación 37 (plaza de San Francisco, 5).",658 144 385,info@hangar48.es,"AuditoriosSalasConcierto"
,,Estilos: Rock,"Metro: Alonso Martínez (líneas 4, 5 y 10), Bilbao (líneas 1 y 4).  Bus: 3, 147, 37, 40.   Bicimad:  Estaciones 124 (calle Manuel Silvela, 20), 122 (calle Santa Engracia, 14).",914 456 191,honky@clubhonky.com,"AuditoriosSalasConcierto"
,,"Estilos: Pop,rock.","Metro: Canal (líneas 2 y 7)  Bus: 12, 2",,info@insomnioclub.es,"AuditoriosSalasConcierto"
,,,"Metro: Conde de Casal (línea 6).  Bus: 143, 156, 56, 20  Bicimad: Estaciones 82 (calle Doctor Esquerdo, 161), 73 (avenida de Nazaret, 7).",,jazzvillecafe@gmail.com,"AuditoriosSalasConcierto"
,,"Estilos: Pop, rock","Metro: Sevilla (línea 2)  Bus: 002, 51,M1, M3, 53  Cercanías Renfe: Sol (líneas C3, C, C4a, C4b y Regional).  Aparcamiento: Plaza de Santa Ana 77  Bicimad: 52 - Plaza de Santa Ana n&amp;ordm; 10",650 879 156,lacavernaechegaray@gmail.com,"AuditoriosSalasConcierto"
,,"Estilos: Indie, Pop, PopAlternativo, Rock, Rock Alternativo, Urban","Metro: tribunal (líneas 1 y 10)  Bus: 149, 40, 21, 37 y CO3  Aparcamiento: calle Barceló (69), Arquitecto Ribera (Barceló) (17), Calle Barceló, 2",,,"AuditoriosSalasConcierto"
,,Estilos: Canción de autor.,"Metro: Chueca (línea 5), Banco de España (línea 2).  Bus: 001, 1, 146, 2, 74, 002, 3, 46, 9, 15, 150, 20, 5, 53, 51, 52.  Bicimad: Estaciones 19 (calle Prim, 2), 18 (plaza de Pedro Zerolo, 1), 20a (calle Alcalá, 49)  Aparcamientos: Santa Brigida; Mercado San Antón (94), Libertad; Pedro Zerolo (71), plaza Pedro Zerolo; Plaza del Rey (54).",915 321 150,informacion@libertad8cafe.es,"AuditoriosSalasConcierto"
,,"Estilos: Pop, Rock","Metro: Tribunal (líneas 1 y 10), Noviciado (línea 2).  Bus: 002.  Bicimad: Estaciones 59 (calle Espíritu Santo, 30), 11 (calle San Andrés, 18).",,,"AuditoriosSalasConcierto"
,,Estilos: Microteatro,"Metro: callao (lineas 3 y 5)  Bus: 002, 001, 1, 146, 2, 46, 74, 3  Aparcamiento:  Luna-Tudescos (14), P. Sta M&amp;ordf; Soledad Torres Acosta c/v c/Luna), calle Barco 1 (88)",915 218 874,info@microteatro.es,"AuditoriosSalasConcierto"
,,"Estilos: Indie, Pop, Rock.","Metro: Santiago Bernabeu (línea 10).  Bus: 5, 149.  Bicimad: Estación 154 (calle Orense, 36).  Aparcamiento: General Yag&amp;uuml;e (28), Avenida Brasil, 15.",915 557 671,mobydickclub@mobydickclub.com,"AuditoriosSalasConcierto"
,,"Estilos: Blues, Funk, Jazz.","Metro: Colombía (líneas 8 y 9), Cuzco (línea 10).  Bus: 11, 40, 14.  Bicimad: Estación 158 (avenida de Alberto Alcocer, 22).",,info@moeclub.com,"AuditoriosSalasConcierto"
,,,"Metro: Santo Domingo (línea 2).  Bus: 147, 3, 001, 1, 133, 148, 2, 44, 46, 74, 75, 146.  Bicimad: Estaciones 16 (calle San Bernardo, 22), 23 (plaza de Santo Domingo, 1), 2 (calle Miguel Moya, 1), 22 (calle Jacometrezo, 3).  Aparcamientos: Isabel la Católica (98), calle de Isabel la Católica; Mostenses (50), plaza Mostenses y calle Ricardo León; Luna-Tudescos (14), plaza Santa María Soledad Torres Acosta con vuelta a calle Luna; El Corte Inglés Callao (92), plaza de Callao.",670 776 069 / 630 652 585,morocco@meteorica.net,"AuditoriosSalasConcierto"
,,,"Metro: Principe e Vergara ( líneas 2 y 9)  Bus: 146, 152, 43, 15, 29, 52, 215, E2, E3, 21, 53, 30, 63, 26, 6, C1  Aparcamiento:  calle Veláquez Jorge Juan (43)",,,"AuditoriosSalasConcierto"
,,"Estilos: Pop, Rock.","Metro: Usera (línea 6).  Bus: 247, 47, 6, 78.  Bicimad: Estación 213 (calle Antonio López, 129).",619 222 919,olvido15@telefonica.net,"AuditoriosSalasConcierto"
,,"Estilos: Blues, Canción de autor, Jazz, Música Latina, Pop, Rock","Metro: Tirso de molina (linea 1)  Bus: 31, 50, 65, 148, 3, M3",,,"AuditoriosSalasConcierto"
,,Estilos: Rock,"Metro: Santiago Bernabeu (línea 10).  Bus: 149, 5, 43.  Bicimad: Estaciones 154 (calle Orense, 36), 153 (avenida del General Perón, 36).  Aparcamiento: General Yag&amp;uuml;e (28), Avenida Brasil, 15.",638 01 56 50,,"AuditoriosSalasConcierto"
,,"Estilos: hiphop, latino, rock.","Metro: La Latina (línea 5).  Bus: 002, 17, 18, 23, 35, 60, 148, 3.  Bicimad: Estación 45 (glorieta de la Puerta de Toledo, 1.  Aparcamientos: La Latina (86), calle de Toledo; Mercado de la Cebada (501), plaza de la Cebada; Puerta Toledo (64), Glorieta Puerta Toledo con vuelta Capitan Salazar Martínez.",663 700 844,samantha@shokomadrid.com,"AuditoriosSalasConcierto"
,,"Estilos: Heavy Metal, Pop, Rock.","Metro: Vinateros (línea 9).  Bus: 100, 8, 20, 30, 32.  Bicimad: Estación 220 (calle Arrroyo de las Pilillas, 6).   Aparcamiento:  Encuentro (4), plaza Encuentro.",914 399 476 / 650 829 322,info@silikona.es,"AuditoriosSalasConcierto"
,,"Estilos: Electrónica, funk, indie, pop, reggae, rock.","Metro: Noviciado (línea 2), San Bernardo (líneas 2 y 4).  Bus: 147, 3, 001, 1, 133, 148, 2, 44, 46, 74, 75, 146  Bicimad: Estaciones 15 (calle San Vicente Ferrer, 64), 13 (calle Conde Duque, 22), 12 (calle San Bernardo, 85).",915 933 173,programacion@siroco.es,"AuditoriosSalasConcierto"
,,Estilos: Flamenco,"Metro: Santo domingo (linea 2)  Bus: 44, 133  Aparcamiento: calle Isabel la Catolica (98)",912 042 428,info@tablaodelavilla.com,"AuditoriosSalasConcierto"
,,Estilos: Flamenco,"Metro: Antón Martín (línea 1)  Bus: 002, M1, M3  Aparcamiento: Plaza de Santa Ana  (77)",+34 914 915 056 / +34 650 635 125,reservas@tablaoflamenco1911.com,"AuditoriosSalasConcierto"
,,,"Metro: Tirso de molina (línea 1)  Bus: 26, 32, 6, M1, 002, 50, 65, M3  Aparcamiento:   Garaje Centro (68), Calle Relatores, 11",,,"AuditoriosSalasConcierto"
,,,"Metro: Tirso de molina (línea 1)  Bus: 002, M1, M3, 26, 32, 6, 65, 50.  Aparcamiento: Jacinto Benavente (15), Garaje Centro (68), C/ Relatores, 11",,,"AuditoriosSalasConcierto"
,,,"Metro: Sol (lineas 1,2 y 3)  Bus: M3  Aparcamiento:  Descalzas (20), Plaza Descalzas y Plaza San Martín  Renfe:: Sol (C3, C4, C4A)",915 750 627,hola@teatroeslava.com,"AuditoriosSalasConcierto"
,,Estilos: Flamenco,"Metro: Noviciado (línea 2)  Bus: 001, 002, 1, 2, 46, 74",911 592 005,reservas@teatroflamencomadrid.com,"AuditoriosSalasConcierto"
,,Estilos: Flamenco,"Metro: Santo domingo (línea 2)  Bus: 001, 1, 133, 147, 148, 2, 44, 46, 74, 75, 146, 3",910 839 500,,"AuditoriosSalasConcierto"
,,Estilos: Flamenco,"Metro: Sol (líneas 1,2 y 3)  Bus: 002, M1, M3, 26, 32, 6, 65  Aparcamiento: Jacinto Benavente (15).  Renfe: Sol (C3, C4 y C4a)",674 464 992,ramirofigue@gmail.com,"AuditoriosSalasConcierto"
,,"Estilos: Funk, Soul.","Metro: Plaza de España (líneas 3 y 10)  Bus: 001, 1, 133, 138, 2, 44, C1, 74, C2, 39.  Bicimad: Estaciones 116 a y b (Plaza de España), 14 (calle Duque de Liria).  Aparcamiento: Plaza de España (53).",915 477 518,info@tempoclub.es,"AuditoriosSalasConcierto"
,,Estilos: Rock.,"Metro: Alonso Martínez (líneas 4, 5 y 10).  Bus: 3, 21, 37, C03.  Bicimad: Estaciones 8 (plaza de Alonso Martínez, 5), 7 (calle Hortaleza, 75), 26 (plaza de las Salesas, 7).  Cercanías Renfe: Recoletos (líneas C1, C2, C7, C10 y Regional).  Aparcamientos: Villa de París (67), plaza Villa de París.",654 511 457,info@thundercatclub.com,"AuditoriosSalasConcierto"
,,Estilos: Pop,"Metro: Chueca (línea 5), Colón (línea 4), Alonso Martínez (líneas 4, 5 y 10).  Bus: 37.  Bicimad: Estaciones 19 (calle Prim, 2), 26 (plaza de las Salesas, 7).  Cercanías Renfe: Recoletos (líneas C1, C2, C7, C10 y Regional).  Aparcamientos: Gravina 21 (89), calle Gravina; garaje Piamonte (96).",,,"AuditoriosSalasConcierto"
,,"Estilos: Flamenco, Funk, Jazz, Soul","Metro:  Embajadores (línea 3)  Bus: 148, 60, 78, 119, 34, 36, 41, C03, C2  Renfe:: Embajadores (C5)",,info@salavillanos.es,"AuditoriosSalasConcierto"
"Proyectado por Antonio López Aguado en 1818 siguiendo la tipología clásica de teatros del siglo XVIII. Intervienen en su construcción Custodio Moreno e Isidro González Velázquez. De planta irregular hexagonal, presenta dos fachadas principales: una orientada a la plaza de Isabel II, con poca decoración, y la otra al Palacio Real y plaza de Oriente, realizada por González Velázquez y más ornamentada. En el interior destaca el techo de la Gran Sala pintado por Lucas y la lámpara de bronce dorado. En 1925 se cierra por amenaza de ruina y se inicia su reconstrucción a partir de 1940. El 11 de octubre de 1997 se abre como teatro de ópera.",Horario Taquillas:   Atención en días laborables  Lunes a viernes: 10:00 - 18:30 horas  Atención en días con función  Lunes a viernes: 10:00 horas hasta inicio de función  Sábados:  12:00 horas hasta inicio de función Domingos y festivos: 2 horas antes del inicio de la función,,"Metro: Ópera (líneas 2, 5 y Ramal Opera-Príncipe Pío). Sol (líneas 1,2 y 3).  Bus: 3, 25 y 39.  Bicimad:  Estación 24 (calle Carlos III, 1).   Parking: Descalzas (20), Plaza Descalzas y Plaza San Martín.",915 160 600 (Oficinas) / 900 244 848 (Taquilla y venta telefónica),info@teatroreal.es,"AuditoriosSalasConcierto"
Su mantenimiento es competencia de la Junta de Distrito de Moncloa - Aravaca.  Actividades: espectáculos variados durante los meses de verano.,,,"Metro: Príncipe Pío (líneas 6, 10 y Ramal).  Cercanías RENFE: Príncipe Pío (líneas C1, C7, C10 y Regional).",915 885 809,cultumoncloa@madrid.es,"AuditoriosSalasConcierto"
,,,"Metro: Retiro (línea 2).  Bus: 1, 2, 9, 15, 19, 20, 28, 51, 52, 74, 176.",,,"AuditoriosSalasConcierto"
Su mantenimiento es competencia de la Junta de Distrito de Latina.  Actividades : espectáculos variados durante los meses de verano.,,,"Metro de Madrid. Línea 6. Estación: Puerta del Ángel. Autobuses EMT. Líneas 25, 31, 33, 36, 39, 65 y 138.",,,"AuditoriosSalasConcierto"
"El WiZink Center es un pabellón multiusos situado en el centro de Madrid, España. Tiene una capacidad que varía en función de la actividad que albergue, pudiendo ampliar su aforo desde los 10.000 iniciales hasta los 12.500 en los encuentros de baloncesto, o un máximo 15.500 en conciertos.",,,"Metro: Goya (líneas 2 y 4), O'Donnell (línea 6).  Bus: 143, 56, 2, 71, 28, 21, 53, 15, 63, 43, 30, 29 y C de la EMT   Bicimad: Estaciones 100 (calle Goya, 99) y 98 (plaza de Felipe II).  Aparcamiento: Felipe II (26), avenida Felipe II y calle Goya.",91 444 99 49,,"AuditoriosSalasConcierto"
"2.668 metros cuadrados conforman un espacio, moderno y multifuncional, que acoge una programación audiovisual atenta al desarrollo cultural de la sociedad contemporánea, prestando especial atención al cine de no ficción y a las formas limítrofes con el documental, el cine más alternativo e independiente y la colaboración con festivales y propuestas culturales que tienen lugar en la ciudad de Madrid y con un fuerte acento en el apoyo al pensamiento, la creación y la formación crítica y audiovisual. Cineteca cuenta con tres salas de proyección, Azcona (224 butacas), Plató (121 butacas) y Borau (65 butacas), así como varios espacios polivalentes - Archivo, Vestíbulo, Cantina, Patio.","Horario de taquilla (situada frente a Cantina de Cineteca) en acceso Plaza de Legazpi: de martes a domingo, de 16:30 a 20:30 horas o hasta inicio de actividad. La venta de entradas online continúa activa en la web de Cineteca.","Entradas adquiridas por Internet: acceso directo sin pasar por taquilla mostrando la entrada en papel o en dispositivo móvil. En caso contrario es imprescindible retirar la entrada en taquilla presentando número de localizador o tarjeta de compra.   Para acceder a todas las sesiones se necesita ticket de entrada. Una vez empezada la sesión no se permitirá el acceso a las salas. No está permitido fumar ni acceder a las salas con comida y bebida. No se permite la entrada con animales, excepto perros guía. Se ruega silencien los teléfonos móviles durante la sesión. Por motivos de seguridad, no abandonen sus asientos hasta que se hayan encendido totalmente las luces de la sala. Los espectadores cuentan con hojas de reclamación a su disposición en taquilla. La programación puede sufrir cambios por causas ajenas Cineteca.","Metro: Legazpi (líneas 3 y 6).  Bus: 123, 22, 79, 148, 18, 6, 78, 45, 8, 19, 247, 47, 59, 62, 76, 85, 86, 156, 180.  Bicimad: Estación 177 (calle Bolívar, 3).",913 184 674 (oficinas) / 913 184 685 (taquilla),cineteca@cinetecamadrid.com,"CinesFilmotecas"
"Desde el 28 de febrero de 1989 el cine Doré es la sala de proyecciones de Filmoteca Española, y se utiliza tanto para su programación como para la realización de todo tipo de actividades de divulgación que permitan difundir el patrimonio cinematográfico español y sobre el cine en general: presentación de libros, seminarios, mesas redondas, coloquios, conferencias, etcétera.",Presencialmente el mismo día de la proyección. Las taquillas abren de 17:00 a 20:00 en horario de invierno y de 17:30 a 20:30 en horario de verano (del 1 julio a 1 de septiembre)  De forma online con 72 horas de antelación.,Venta de entradas f orma online con 72 horas de antelación.,"Metro: Antón Martín (línea 1) y Lavapiés (línea 3).  Bus: 26, 32, 6, 002, M1, 57.  Bicimad: Estaciones 41 (calle Atocha 54), 42 (calle Atocha, 95).  Aparcamiento: Plaza de Santa Ana (77).",913 693 225,,"CinesFilmotecas"
,Consultar en la página del teatro.,"Sala Guirau (aforo 689 personas).  Sala Jardiel Poncela (aforo desde 95 hasta 175 personas, depende de la disposición de la obra que represente).   Sala de exposiciones (2000 m2)  Sala III   Sala Polivalente.","Metro: Colón (línea 4), Serrano (línea 4)  Bus: 14, 150, 27, 45, 5, 21, 37, C03, 53  Bicimad: Estación 93 (calle Goya, 1) / Estación 10 (calle Marqués de la Ensenada, 16)  Renfe: Recoletos  Aparcamiento: Colón (2), Plaza de Colón","914 362 540 / 913 184 630 / 913 184 631 (Centralita)
913 184 631 (Información programación)",info.tfg@teatrofernangomez.es,"Teatros"
"Situado dentro del recinto de Matadero Madrid, Nave 10 Matadero es un centro público de producción y difusión de artes escénicas dedicado a la creación dramática contemporánea con una programación estable y accesible para el público. Este nuevo espacio teatral, dependiente del Área de Cultura, Turismo y Deporte del Ayuntamiento de Madrid, tiene como principal objetivo el fomento de las nuevas dramaturgias y direcciones de escena, generando un lugar de encuentro, pensamiento y diálogo para el desarrollo de ideas, prácticas y creaciones artísticas entre autores y directores emergentes y profesionales consagrados.  Para concentrar, potenciar y visibilizar el talento de los creadores de Madrid y otros lugares, Nave 10 Matadero se apoya en tres pilares fundamentales: autoría contemporánea en castellano, nueva dirección de escena y formación e innovación en artes escénicas. El proyecto, que desarrolla su actividad en las salas Max Aub, Hormigón y Madera de Nave 10 Matadero, quiere prestar especial atención al entorno y al barrio en el que se ubica con un programa de mediación abierto a sus vecinos.  Nave 10 Matadero es un teatro para el espectador del siglo XXI.",,,Metro: Legazpi (líneas 3 y 6)      Renfe: Embajadores (línea C5),,,"Teatros"
"Las salas de este espacio     Sala Fernando Arrabal (Nave 11)  Inaugurada en el año 2007, la Sala Fernando Arrabal &amp;ndash; Nave 11 es la mayor de las tres naves. Se trata de una sala polivalente donde se puede diseñar todo tipo de distribución de gradas y escenarios.   Sala Max Aub (Nave 10)   Inaugurada en 2010, la Sala Max Aub &amp;ndash; Nave 10 es de menores dimensiones que la 11, pero de mismas características: sala polivalente donde se puede diseñar todo tipo de distribución de gradas y escenarios.  Café Naves Matadero (Nave 12)   Espacio donde se encuentra el bar cafetería que da servicio a todo el complejo Matadero. Tiene, además, un escenario movible con gradas con posibilidad de cambio de distribución. En él se hacen espectáculos de café-teatro, conciertos de pequeño formato, presentaciones, etc.   Sala Hormigón (Nave 10)   Situada a un lado de la Sala Max Aub, se utiliza principalmente como sala de ensayos, pero a veces se hacen ruedas de prensa o se habilitan como salas de exhibición de pequeño formato (teatro familiar).   Sala Madera (Nave 10)   Situada a un lado de la Sala Max Aub, se utiliza principalmente como sala de ensayos, pero a veces se hacen ruedas de prensa o se habilitan como salas de exhibición de pequeño formato (teatro familiar).","Horario de taquilla (situada frente a Cantina de Cineteca) en acceso Plaza de Legazpi: de martes a domingo, de 16:30 a 20:30 horas o hasta inicio de actividad. Lunes cerrado.",,Metro: Legazpi (líneas 3 y 6)      Renfe: Embajadores (línea C5),913 184 528 (taquilla) / 913 184 700 (información al espectador),,"Teatros"
"El Área de Cultura, Turismo y Deporte del Ayuntamiento de Madrid ha habilitado un nuevo espacio escénico en el Centro Cultural Daoíz y Velarde, ubicado en el distrito de Retiro, que amplia la descentralización de la cultura de la capital. Para ello, ha realizado una rehabilitación integral del antiguo cuartel de artillería de Daoíz y Velarde, construido a finales del siglo XIX, que ha buscado el equilibrio entre la arquitectura original y las funciones actuales. El Ayuntamiento de Madrid y el Teatro Real han firmado un acuerdo que permite poner en marcha un nuevo proyecto que nace con el objetivo de convertirse en un espacio cultural y artístico de referencia para niños y jóvenes en la ciudad, en el que ofrecer un acercamiento y aprendizaje en el ámbito de las artes escénicas, incluyendo ópera, danza, teatro de texto, títeres, cuentos musicales, talleres y otras actividades para toda la familia. El edificio, de 7.700 m2 distribuidos en cuatro plantas, cuenta con un gran espacio para actos culturales y exposiciones, una Sala Principal con un amplio escenario y capacidad para 330 butacas, una Sala Polivalente (con 72 butacas en graderío retráctil y espacio escénico versátil), salas de ensayos, talleres y otras dependencias auxiliares. Con la puesta en marcha de este nuevo centro municipal, el Área de Cultura, Turismo y Deporte refuerza su compromiso con el tejido cultural madrileño, incrementa la oferta cultural en los distritos e incorpora un séptimo espacio escénico en su red teatral. El Real Teatro de Retiro es el proyecto artístico del Teatro Real dedicado al público infantil, juvenil y familiar. Su programación incluye espectáculos de ópera, teatro, títeres y danza para niños y jóvenes así como conciertos, cine, cuentos musicales y talleres dirigidos a grandes y pequeños. Los espectáculos se programan también para colegios con funciones escolares en horario de mañana. El espacio acoge los proyectos educativos y sociales LÓVA (La Ópera, un Vehículo de Aprendizaje) y AMI (Agrupación Musical Inclusiva). El Real Teatro de Retiro surge de la colaboración entre el Teatro Real y el Ayuntamiento de Madrid, promoviendo el acceso a la cultura y grandes experiencias para vivir en familia.","Horarios de atención y taquilla:   De miércoles a sábado, de 10 a 14 y de 16 a 19:30 horas. Domingos sin función, de 10 a 14 horas. Domingos con función, de 10 a 14 horas, y si la función es de tarde, desde dos horas antes de la función hasta el inicio de ésta. Festivos con función, dos horas antes de la función y hasta el inicio de ésta. Festivos sin función: cerrado.","Accesibilidad: 6 asientos para personas con movilidad reducida.   Canales de venta: Online, taquillas y telefónica.  Aforo: Sala Principal 330 butacas, Sala Pacífico 120 butacas.",Renfe Cercanías: Atocha,810583274,,"Teatros"
"Tiene una excelente calidad acústica y visual y es perfecto para la celebración de conciertos, funciones teatrales, seminarios, convenciones y espectáculos. Dispone de un escenario semicircular, cafetería y amplias zonas de acceso.",,,"Metro: Lago (Línea 10), Puerta del Ángel (Línea 6)  Bus: 31, 33, 36, 39, 65",915 787 758,,"Teatros"
"Toma su nombre del que existió, durante casi un siglo, en el Paseo de Recoletos. A comienzos del 2000, el Ayuntamiento recuperó el antiguo edificio industrial de una fábrica, de estilo neomudéjar, para ubicar el nuevo Teatro Circo Price que desde 2007 ofrece una variada programación de circo, música y teatro.",Taquilla   De martes a viernes de 17:30 a 20:30 horas. Los fines de semana la taquilla abre dos horas antes del inicio de la sesión (consultar matinalees),"Espacios:   Sala principal Pista circular y escenario Sala Parish 2 salas de exposiciones (sala Malabar y sala Trapecio 1 Sala de ensayos  12 Camerinos   Aparcamiento propio y vigilado, entrada por la calle Juan Sebastián Elcano, 25, de uso exclusivo para los espectadores y con horario limitado sujeto al espectáculo.","Metro: Embajadores (línea 3) , Lavapiés (línea 3), Estación del Arte (Atocha) (línea 1)  Bus: 27, 34, 36, 41, 119, C03, C2, C1  Renfe: Embajadores (C5)",913 184 700,,"Teatros"
"La historia del Teatro Español de Madrid comienza el 21 de septiembre de 1583,  momento en el que tiene lugar su primera representación, y continúa hasta el día de hoy, convirtiéndose así en el teatro más antiguo del mundo en cuanto a representación continuada se refiere. Acercarse al Teatro Español en la actualidad es entrar en un edificio único en cuanto a su historia, vida, anécdotas y actualidad. Entre sus espacios destacamos: La Sala Principal con 735 localidades de perfecta visibilidad, dispuestas en tres pisos con una prodigiosa acústica. En sus tablas vieron por primera vez la luz las obras de Cervantes, Lope de Vega, Tirso de Molina, Calderón, Duque de Rivas, Zorrilla, Pérez Galdós, Unamuno, Valle-Inclán, Benavente, los Machado, García Lorca, Mihura o Buero Vallejo, entre otros. La Sala Margarita Xirgu, situada en el antiguo Café del Príncipe, se convirtió en 2006 en sala de teatro de unas 110 localidades, que varían según la disposición de las gradas, pudiendo adoptar distintas configuraciones: una, dos, tres o incluso a cuatro bandas. Otros espacios con encanto del Teatro son: El Salón de Té, el Salón Tirso de Molina, el Parnasillo y el espacio Andrea D&amp;acute;Odorico.",,"La Sala Principal cuenta con 735 localidades, dispuestas en tres pisos con una prodigiosa acústica. En sus tablas vieron por primera vez la luz las obras de Lope de Vega, Tirso de Molina, Calderón, Duque de Rivas, Zorrilla, Pérez Galdós, Unamuno, Valle-Inclán, Benavente, los Machado, García Lorca, Mihura o Buero Vallejo, entre otros. La Sala Margarita Xirgu, situada en el antiguo Café del Príncipe, se convirtió en 2006 en sala de teatro de unas 110 localidades, que varían según la disposición de las gradas, pudiendo adoptar distintas configuraciones: una, dos, tres o incluso a cuatro bandas. El espacio Andrea D&amp;acute;Odorico, situado encima de la sala Margarita Xirgu, es una sala con infinidad de usos desde ruedas de prensa, charlas, encuentros a exposiciones.   El Salón de Té, donde existe un &amp;ldquo;reloj-ascensor&amp;rdquo; de principios de siglo y es utilizado para realizar actos institucionales. En otro tiempo fue el verdadero ambigú del Teatro Español. Es una sala del siglo XIX, obra de Juan de Villanueva.  El Parnasillo, un lugar especialmente recordado porque en él los dramaturgos se reunían con la compañía para hacer la primera lectura de la obra. En 1929 se decoró con una valiosa colección de retratos de artistas y literatos, única en su género, realizada por el pintor José Sánchez Pescador. El Salón Tirso de Molina, que en su origen fue el saloncito privado donde los primeros actores y actrices recibían a sus allegados,  es un espacio de gran belleza por su carácter neoclásico, obra de Juan de Villanueva. Está situado en la segunda planta del Teatro Español y todos sus balcones miran a la Plaza Santa Ana.","Metro: Sevilla (línea 2), Sol (líneas 1, 2, 3)  Bus: 002, 6, 26, 32, M1, M3  Renfe: Sol (líneas C3 y C4)",913 601 484 (taquilla) / 914 520 472 (centralita),,"Teatros"
,,,Metro: Antón Martín (línea 1).,914 291 281,infopublico.orquestaycoro@rtve.es,"Teatros"
"Dentro del parque de El Retiro, muy cerca de la entrada desde la plaza de la Independencia, donde se encuentra la Puerta de Alcalá, está el Teatro de Títeres, toda una institución para el público infantil madrileño.  Este teatro permanente ofrece representaciones, normalmente, los sábados y domingos en diferentes horarios según la climatología de cada época del año y está dedicado el mundo del títere y la marioneta.",,,"Metro: Retiro (línea 2).  Bus: 1, 2, 9, 15, 19, 20, 51, 52, 74, 146, 28.",,,"Teatros"
"Para la construcción del teatro se ha remodelado el antiguo salón de actos de la Biblioteca Gerardo Diego. Cuenta con cien butacas y se especializa en la programación de teatro y de cine. Alberga la escuela de teatro de Vallecas. Dentro de su programación, se ha previsto que se celebren tres representaciones teatrales y una proyección cinematográfica al mes, en sábado, completando así la oferta los centros culturales del distrito, cuyas actividades se convocan los viernes.","Para atención presencial, pedir cita en el teléfono de contacto.  Horario habitual: lunes a viernes, 17 a 21 horas. Sábados, de 10 a 14 horas.",El aforo es de 94 butacas más 2 de movilidad reducida. 3 aulas para clases.,Metro: Villa de Vallecas (línea 1),657 181 582,,"Teatros"
"La sala del Teatro Quique San Francisco ofrece una variada programación teatral dirigida tanto para adultos como para niños. En la temporada estival, algunas de las representaciones tienen lugar al aire libre.",Horario según funciones.,Aforo: 191 butacas,Metro: Quevedo (línea 2),913 485 124 (taquilla),taquilla@teatroquiquesanfrancisco.es,"Teatros"
Descripción monumental: Arquitecto Juan Navarro Baldeweg. Inaugurado oficialmente el 20 de febrero de 2009.,"Taquillas:  El horario de apertura es de de 14.30 a 21 horas, todos los días. Los meses de julio y agosto la taquilla permanecerá cerrada los sábados y domingos y los días  24 y 25 de enero y 1 y 2 de enero.","Servicios de accesibilidad a la comunicación: subtitulado adaptado, audiodescripción, bucle magnético individual, sonido en sala con auriculares (Más información y próximas funciones en www.teatroaccesible.com).",Metro: Canal (líneas 2 y 7) y Ríos Rosas (línea 1),913 089 999 / 913 089 950,espectaculos@uteteatrosdelcanal.com,"Teatros"
